id,place,uuid,rating,token,ip,user_agent,date_submitted
6525,12,55ec29530c7f8144e2532a22643fe4a6,6,0,,,2009-04-03 23:13:55
6612,12,3383214a29fe3cbbc193b68ed9adc959,6,0,,,2009-04-03 23:18:17
6617,12,a4887d550fb0f22ec1eb39f4dabe39ae,5,0,,,2009-04-03 23:18:29
13427,38,acefa150b2f14b9e2bf142060cf08aee,2,0,,,2009-04-05 08:45:18
13582,38,c4dbbfe2ec212baddb0c2d10e8bb0bb8,1,0,,,2009-04-05 11:19:05
13723,38,5c9533efdaabf6f3634eede5ef867c7d,1,0,,,2009-04-05 13:58:07
24349,38,8261c65a2ece3e99352dad9047685127,1,0,,,2009-04-10 16:37:22
24353,38,f24b0baf6df35f6c1ef2bf1904f04c16,1,0,,,2009-04-10 16:37:24
24697,12,8261c65a2ece3e99352dad9047685127,4,0,,,2009-04-10 16:40:28
57825,11,fd0fd60993feaa3463c43581ee60eeba,2,0,,,2009-04-11 11:32:07
57838,11,cce163a3d43c46b69d65d2bcbb711cf7,3,0,,,2009-04-11 11:32:28
57864,11,6e0d36b8ba23de19cb1b6d71ce03ad3b,7,0,,,2009-04-11 11:33:20
71904,11,82ee4d1be855b9d243b681316ccbc1b4,8,0,,,2009-04-12 09:27:26
110677,9,f5a6688cb3828961979891e5120678eb,8,0,,,2009-04-16 12:49:34
111617,9,9690e725b9253005ea6399494d90dbb0,3,0,,,2009-04-16 17:21:05
112182,9,1a348ca657154aa37d17b8bea93a0e2b,8,0,,,2009-04-16 18:54:58
112534,9,0337bf81898a3c137487196a483899e3,5,0,,,2009-04-16 19:39:01
113199,32,976d1099ecd1df28c3ebf3db3627172a,2,0,,,2009-04-16 20:19:09
113237,32,0337bf81898a3c137487196a483899e3,4,0,,,2009-04-16 20:20:57
114627,33,0337bf81898a3c137487196a483899e3,1,0,,,2009-04-16 21:50:08
114991,32,82fccc35965c72e7b409d113b1f21c1f,2,0,,,2009-04-16 22:07:32
115399,33,82fccc35965c72e7b409d113b1f21c1f,3,0,,,2009-04-16 22:43:38
115679,32,6c07b6dcf56ae57663d956b8328911f9,1,0,,,2009-04-17 01:46:29
115680,32,72626f7013dcb3282bc409e0ad6cb60c,2,0,,,2009-04-17 01:46:31
116121,33,34ee2e3e6d6bc4850cf89c5dce0dfce3,2,0,,,2009-04-17 07:43:48
116291,33,25371209419ec1fe29d9e77a91b32053,3,0,,,2009-04-17 09:42:02
248933,21,80befbfc4b1a3cb7eabec2979c3d3f2b,2,2084145969,,,2009-04-26 12:11:55
249077,21,5515ebaf425594d23487ffb272a13b84,2,866756233,,,2009-04-26 12:20:16
249686,21,b2986c8d12d51b6148df0786af9149b5,2,896491381,,,2009-04-26 12:59:20
249981,21,3cacbe798a14b55a66a00b08102f08a3,6,1820456954,,,2009-04-26 13:34:56
296435,41,d1bc1fc0bba8681cbb8ac9825b1cfca5,2,198957191,,,2009-04-27 11:20:51
296479,41,dd12beb27014483b38f540f6637b8cde,3,2108319647,,,2009-04-27 11:20:54
296503,41,deb4b4fefd52419093a12a6d001dce74,2,245191255,,,2009-04-27 11:20:55
296556,41,012b08c86c0e364bdab2b7c94ac4771f,2,1934944242,,,2009-04-27 11:21:18
296561,41,d2a32519ec8ba905c8b8bd39b66fb641,3,87937940,,,2009-04-27 11:21:18
296589,41,077c0db6d87ca6b1d9e59fe17a31783f,3,1278244883,,,2009-04-27 11:21:20
296872,41,04e1f3957ccc49703816c85933580b87,3,94718007,,,2009-04-27 11:21:51
344064,19,a6cf8788559185b4215a460eda14884f,2,1849066254,,,2009-04-27 12:41:46
344194,19,6e58c857c607f4c8f5a9d4acbb81da46,4,472506566,,,2009-04-27 12:41:54
344649,19,20827906ec454b15ff5c6a79e63a6e27,5,602497014,,,2009-04-27 12:42:23
344660,19,1012ce5bfedccd401201d95f5c3ce1ab,1,237123883,,,2009-04-27 12:42:23
344715,19,19d108baad2f17285fad6ad4b7e5d289,1,1396480517,,,2009-04-27 12:42:27
344828,19,5eba7280fa7814e1c23c09e106a849f5,1,250444328,,,2009-04-27 12:42:34
354395,46,7caba82a8dfda6f899cd741078bce8ab,5,1221124108,,,2009-04-27 13:00:59
354440,46,d59a44dd11ffe1f6eb0631b0ea06f3c9,3,1499316085,,,2009-04-27 13:01:08
354568,46,38be96a519d93b90296643eec8b697f3,5,81051922,,,2009-04-27 13:01:30
354643,46,a9ef7086a129bd922a83e62df1365a6e,4,147273940,,,2009-04-27 13:01:42
354702,46,acf36094abb0576ab8ed4aabd89fbaa7,6,188506033,,,2009-04-27 13:01:52
354713,46,62eab48fa7445903c70e715f92afae11,4,656214067,,,2009-04-27 13:01:53
354788,46,a8458f7d0ad067d7d959cd79e41ee5e9,2,548624386,,,2009-04-27 13:02:05
359066,23,bc49a0c993f707784537b017bb9ac9ee,5,1748818178,,,2009-04-27 13:15:43
359073,23,b27ae94b54bf46d64728efe2c0af344c,3,714714276,,,2009-04-27 13:15:44
359280,47,0ce47d725f11d4b480967a2ddf95f595,1,1993914411,,,2009-04-27 13:16:24
359323,23,e6a668879e7e5484b8ad4e32309758e7,2,1191363299,,,2009-04-27 13:16:31
359349,47,3265c9546fa5c3f8764b90c601c03af9,2,620739816,,,2009-04-27 13:16:36
359355,47,7f6d242fd467079888396361e2bd7964,2,407768460,,,2009-04-27 13:16:37
359404,47,993ee0f4de7f1a26d902dea3b72e84b5,3,1831504649,,,2009-04-27 13:16:45
359437,47,f26286d7b8da5ebad9034ec9413fa2ff,3,349308543,,,2009-04-27 13:16:50
359444,23,7ab6e3306c3a25f26be205543e5aea32,7,343674559,,,2009-04-27 13:16:52
359471,47,edcd9a7a05ce05fff03d6f5502f5b68a,1,215170044,,,2009-04-27 13:16:55
359481,23,e62855a581328143d7b987e66751f1dc,5,1688739829,,,2009-04-27 13:16:56
363071,50,388b2b07fb722bbe346e4c561f9979ca,3,872238192,,,2009-04-27 13:31:25
363232,50,960d2c95dfad79f745e1af3503760553,6,2125324569,,,2009-04-27 13:31:57
363349,50,ab1fa343461f729d684b63f2db7906a3,3,83908969,,,2009-04-27 13:32:20
363684,50,41bc1bf640f278822fb410e47bd26891,1,73054573,,,2009-04-27 13:33:24
367003,37,bc49a0c993f707784537b017bb9ac9ee,5,579983279,,,2009-04-27 13:45:35
370697,3,8804222958e629f1aaa4d7aaf2952f93,5,121660300,,,2009-04-27 14:00:44
370769,28,9e3892b8e7f737ad7612a6af99127565,3,780799126,,,2009-04-27 14:01:07
370841,18,d11ee22be3f2ffea7b2a1ca3cea9a307,3,1460591336,,,2009-04-27 14:01:25
370854,28,575333caf62f5869cf2af5acd487cebe,4,1776057247,,,2009-04-27 14:01:28
370900,28,81664eec64412758071fed382a01c286,4,297323293,,,2009-04-27 14:01:37
370901,3,3bbd99f27bf071300f24b445767cf17a,4,662449882,,,2009-04-27 14:01:39
370968,3,522df5b6283a3b822c3915afb36edc12,6,1113124061,,,2009-04-27 14:01:57
371006,3,286934459145062f661f5f685a803ab1,5,1689156042,,,2009-04-27 14:02:06
371036,18,8c854855a3d10b21ad9754275a44d7f6,4,629126260,,,2009-04-27 14:02:12
371037,18,69af72e7b34ac1beaf9f39507206142f,3,1828666014,,,2009-04-27 14:02:13
371062,3,09552e915e45e5175ed4da1cad024063,3,1332760097,,,2009-04-27 14:02:19
371084,18,5fe0fa18ad06b5c21d196d6d9d6e6ea4,2,1133447618,,,2009-04-27 14:02:25
371138,28,d006f591cf97f21168749a20494568a9,4,1966644310,,,2009-04-27 14:02:38
378275,7,50c646fdc887218b4291f1d3d4363e30,4,428914687,,,2009-04-27 14:36:52
378346,7,2eb0c8ce31c4f1ae6b099a3a60140c5c,7,785222623,,,2009-04-27 14:37:17
378430,7,bc7b525d60d0c9419290d5f76190a827,5,1231908287,,,2009-04-27 14:37:46
378562,7,d11ee22be3f2ffea7b2a1ca3cea9a307,7,1427664067,,,2009-04-27 14:38:35
383561,1,f0244ddc79df6486749ed0efdd2667a1,4,1029481789,,,2009-04-27 15:02:00
383562,37,a8669c368fddc90b751b7203ade18154,2,921040085,,,2009-04-27 15:02:00
383804,39,388b2b07fb722bbe346e4c561f9979ca,5,371865088,,,2009-04-27 15:02:23
390976,36,a240b90bd1f5ae2bc3633abd65b735b2,2,1030438816,,,2009-04-27 15:21:42
393701,5,031058ed0e723f3b161af77977a2637a,8,320576571,,,2009-04-27 15:30:35
398237,43,65149e0bde57e8d98f67a5e38523cc98,2,1852362698,,,2009-04-27 15:39:22
430615,1,9c7ab9da0f02d48d53c0e3f44f268a70,5,406863470,,,2009-04-27 16:59:46
448710,39,70b20a256a1cb6a24cb1da9ffcd391b0,4,1052389586,,,2009-04-27 20:57:34
448725,39,6aa56a21e1546131e09990ec6b7b7705,4,1510907933,,,2009-04-27 20:57:50
448731,39,6c1f2a1eaad5f222e24e8aafffbc480e,3,669394772,,,2009-04-27 20:58:04
452618,5,abcf836cfec841bde6d3bb9484b6766f,4,1595210111,,,2009-04-27 22:35:47
452646,5,c3430ae7573e0cf44e59a6d8ff95643a,2,2116327658,,,2009-04-27 22:36:25
452727,5,fe387a93514c6aff79c177f5f01a454e,4,59511271,,,2009-04-27 22:38:20
455120,14,dddae4e62ff19a5c2714e36f3c5f1c9f,5,548886976,,,2009-04-27 23:11:53
468689,1,dc8f12784c1f22ae1b37ebe41a09c075,3,1629466463,,,2009-04-28 00:47:53
470103,8,4dcdab431ebf82469690061b65682333,6,733105861,,,2009-04-28 01:00:18
483423,42,3a825871bebf7e5f70038748db949343,3,2122499130,,,2009-04-28 05:56:46
484542,40,7c8d373b3ef956fa435447694565b0b3,2,655405982,,,2009-04-28 06:10:13
487840,31,5649c97727ff5b6e8c8719fe7ace87ca,1,1001298275,,,2009-04-28 06:43:32
510925,8,c10bdfcb5f61c35ad0b3e5331bd2bf96,10,1671270178,,,2009-04-28 09:20:35
510951,8,2ff4a699f4b3ec68aff3f3c43b3f8c4b,10,403946587,,,2009-04-28 09:20:48
511011,8,55affc0ef8c540bdd5f1b70c263ecf1e,10,2079863797,,,2009-04-28 09:21:15
511016,8,dc37cf58906d95552521046ab7783f3b,10,1690590070,,,2009-04-28 09:21:17
517462,49,2375f6153d02cea7a12f77d4922502f7,6,1633333407,,,2009-04-28 10:25:14
529251,42,b54692b35a6e614adef198981e4a4973,3,990279837,,,2009-04-28 11:36:14
530173,45,c64627bf2cafc011e5c5f575ea312652,3,1020581104,,,2009-04-28 11:40:33
534504,31,b54692b35a6e614adef198981e4a4973,4,1690220672,,,2009-04-28 12:00:08
539070,49,504b939c60996ed5b8d3c2d0ac4bac74,6,567842314,,,2009-04-28 12:21:23
543179,14,7394ee38af1c17df0b97ced830ef0707,5,782485089,,,2009-04-28 12:36:34
545459,14,e242d70187c85f79465d05b540711834,6,1816759968,,,2009-04-28 12:46:36
553968,49,84e7585ede5fe28759f17ae73a879392,6,351041537,,,2009-04-28 13:58:54
561115,43,de294bd46b916d59a2d64404aad2da76,6,1390476329,,,2009-04-28 14:36:37
582137,45,00a5589bdbad90eca2f8f9109c9e7e98,2,1182707081,,,2009-04-28 16:40:04
592460,43,e78311d87afef7c4cff8cfb119b45831,1,769131145,,,2009-04-28 18:15:54
595056,36,bc49a0c993f707784537b017bb9ac9ee,2,1916061798,,,2009-04-28 18:36:11
603862,40,fd33198789726995bd2d247552a8809e,2,676213557,,,2009-04-28 19:59:52
604088,40,18a64ba8df12d5ea33c8ad0de5a8412e,3,768111744,,,2009-04-28 20:01:46
609829,42,5979de321ad4d29e917c0d721b3c0a80,3,1688313033,,,2009-04-28 21:00:15
611512,1,5979de321ad4d29e917c0d721b3c0a80,5,2126683946,,,2009-04-28 21:11:14
621285,14,a9a09d2ccfd9ee17adb23308b0088b8e,4,817873899,,,2009-04-28 22:33:20
624317,42,73d3b2e003255b8e0f8ecdd764633c36,3,1275136783,,,2009-04-28 23:10:37
627564,49,a606c5912bf4e7b53e05604072abc6b5,2,931099206,,,2009-04-29 00:15:18
641461,36,5ef38409acfd57553bb7f84e166b03dd,1,1282341721,,,2009-04-29 09:31:32
643055,40,d6858f6010d0650682defddf74cff568,5,609986406,,,2009-04-29 10:11:23
646809,1,bc07d843ae4438aa359b73828857c91e,1,515306308,,,2009-04-29 11:27:32
649721,37,665c53d20c039e9b867b29c71939f657,1,388482026,,,2009-04-29 12:16:36
662347,45,f0049576bfc8c3c3bdf6023a6be65be5,1,2044927594,,,2009-04-29 15:38:27
663247,37,f0049576bfc8c3c3bdf6023a6be65be5,1,1438087179,,,2009-04-29 15:47:53
669568,45,778c1a1e49b9fc6a381757dcfcf187e0,1,39854520,,,2009-04-29 18:19:08
670067,43,96d4df2fc0f941f4be94664d4ada4d3e,7,1211842043,,,2009-04-29 18:33:05
674047,36,806e0423183b84339db941f7c6db8dd2,1,219045564,,,2009-04-29 20:02:54
675117,31,1b02c69e683fc40771996b7dc7c42f20,2,1901080301,,,2009-04-29 20:34:31
676145,15,b257659fd63e48eb4ad2a5c3b04d23e0,4,1795139419,,,2009-04-29 21:13:53
683176,15,292c055f6a0f3dbaaebacb2fb1e73bf9,8,562696400,,,2009-04-30 08:47:25
685176,15,6874cb92b42b3a7a3c0794051de44dfe,2,2067855781,,,2009-04-30 09:49:27
693976,9,f4ee78def1890fca0530e89aea7e433c,8,609069338,,,2009-04-30 12:48:33
698740,31,0ea49b82da4dda5698a88a7fa7a27559,1,1641222027,,,2009-04-30 15:30:41
699321,39,1e7a4692350b48e1d0fccf91397c0acd,1,1136842991,,,2009-04-30 15:40:36
705646,27,8899d85728b5b8515023ff12ae3b5908,1,1216622070,,,2009-04-30 18:18:13
709621,25,2225564cb7e7ce0c5ed462ffa99e0860,3,342145155,,,2009-04-30 20:59:44
716943,27,30722313a2f44d49ad2370e22b150c48,2,678643935,,,2009-05-01 08:10:41
718508,15,a840c731585dc1a72e871886ba7ad24a,3,2054284384,,,2009-05-01 10:04:56
720656,26,db7380ee3aa894c67eacc568b3ad59b9,1,1564210314,,,2009-05-01 11:21:44
724183,25,9dccd6bf1407b7f6c9a7dc12c6d576c7,2,20939507,,,2009-05-01 13:25:51
730081,25,8e32c869be53e78ce03d62f6dcb83104,2,1303251686,,,2009-05-01 19:41:51
733727,25,c706b7d32567ecf0bef51ad8ea15f6bd,3,1622088275,,,2009-05-01 22:48:05
734630,34,e47b57fb5a2ff6f198b1047069ecf6f4,3,352852484,,,2009-05-02 02:45:20
736738,34,7cfaeefa0780d29f1c34f8a336e1f3ce,1,405019374,,,2009-05-02 08:33:19
738474,26,7d85d24b42dac1d6c027018b014a62eb,2,953828326,,,2009-05-02 10:08:56
740113,26,2fff1c13fde2e79ddffac5bba7e0c671,2,1664423449,,,2009-05-02 13:43:47
744145,27,1a3f4f264ed4b47601ed844838e91b3a,2,367030494,,,2009-05-02 20:03:19
749750,34,4e812bf77438ccf9f43788aee02bccba,2,1892116577,,,2009-05-03 10:56:57
750592,27,a7aed91fa869fd424addf7cfb336cd86,1,1298254914,,,2009-05-03 11:20:50
755488,22,805d895c21aa5129de9b9f2a802778b9,6,101769088,,,2009-05-03 16:34:45
758214,34,747d041ee681787f2d9b4eb3bb18fe2a,1,1766333516,,,2009-05-03 21:40:38
762058,31,1c62fed223ecb513f735c2c982097005,1,136842992,,,2009-05-04 12:32:29
763105,22,b2b82342d5fbde4221b170f85edcfdbc,5,1588064443,,,2009-05-04 15:45:29
763674,22,95e3e3530ff4369e3a9ebe80702d2c6a,2,2024927834,,,2009-05-04 16:42:08
770786,22,ebfda71808ddcb18d8903019b2a9e1ec,2,1910110262,,,2009-05-05 13:56:43
773611,26,f6ff96f02bbc59f5ea56d58c06456dc1,5,825540616,,,2009-05-05 20:11:11
780798,2,9f4473f55fc630f2338062c0e4c60781,4,344748080,,,2009-05-06 16:01:30
781183,2,d32607a0d28e509f93ebabc87cceb4f6,4,362599308,,,2009-05-06 17:11:56
782188,2,7c4498332a45fe32210ff4f0187cb9d5,3,1931152441,,,2009-05-06 18:31:34
784052,41,ed6bc8b012753d896fb7d1940399871a,2,902778788,,,2009-05-06 21:37:50
796235,31,b482dbae8a737c35f5b275a971329c1c,1,1655614748,,,2009-05-07 21:26:07
806618,16,13e49adff5358c8b731eb59836d55085,3,1949877949,,,2009-05-08 19:01:31
817390,31,95fdc6893eaa6bc3d329b5062d8e2984,2,237965479,,,2009-05-09 19:56:36
823483,3,0bf5f9e29bc5aa023102474430ea0f74,4,959815847,,,2009-05-10 19:41:12
824058,2,fa296158808ddaaa60773b43066f4496,5,469293151,,,2009-05-10 20:12:19
825026,4,8f806920b167f6fce1f8f38a96618c4b,2,1042506956,,,2009-05-10 21:20:33
830047,4,7c95bbd0f87d3d1dcf096f060399d5ca,4,1536283413,,,2009-05-11 19:01:29
832404,19,dab5e31b019c8df97c30b7924c2f955f,8,29168387,,,2009-05-12 07:45:28
834842,16,0d4bc352908b285dae3061f1fb55d467,5,17443957,,,2009-05-12 13:08:13
841041,16,f8e9d3cbc60e49a262edf3d357e3e217,3,2016660716,,,2009-05-13 00:52:10
841973,18,8949750b9778b9f3b1935403504fdcda,5,1495660578,,,2009-05-13 07:09:18
844889,16,52e6ca243e37610c59210071dbeab6f8,6,2017511963,,,2009-05-13 14:36:43
846417,4,3dcd591fa7502e3478f1aa7330c84406,1,364756331,,,2009-05-13 17:56:05
849157,4,5ac6502ddbb6897ce41c0bb28d017d2b,9,1827809402,,,2009-05-14 00:04:58
853181,24,f8e9d3cbc60e49a262edf3d357e3e217,1,1850546331,,,2009-05-14 16:38:44
855990,24,62c4196dcc8c746ffc37745346c1f994,4,1932560208,,,2009-05-15 08:54:32
856472,18,2ae8ebfb4c3fe27ecc57717ffd2f5764,4,1019789340,,,2009-05-15 10:42:59
859833,50,b477c807e595e548ad0b433a9baeafa4,3,2044070552,,,2009-05-15 15:32:26
860642,24,b477c807e595e548ad0b433a9baeafa4,2,236029648,,,2009-05-15 16:00:07
863351,13,91b480b648ee9e42e65bfca95ecd59db,2,395558440,,,2009-05-15 21:54:26
865011,24,6e4667c17506f83bb6e6b33b158076cb,6,1346514970,,,2009-05-16 08:32:55
870748,37,1426390ef168a99ca145369abb45d1bf,6,1077658089,,,2009-05-17 14:36:29
871691,28,b65cc75aa8d63c98e3c8bf2d45d928e9,1,1366395987,,,2009-05-17 15:34:55
878081,13,6cf7b11f8d08ae96b218a048dcb8fbcc,2,198911798,,,2009-05-18 13:12:25
890051,13,95e41563fbf23551d74c6aab33314bf2,2,945809619,,,2009-05-20 11:29:14
891013,16,c327273a14418c6b93efd771a750a4df,3,1666689252,,,2009-05-20 16:15:07
891676,13,522117210cbe576e3a14d85df992af8a,3,224216017,,,2009-05-20 19:02:11
893284,6,8cacafd0594ea7578be175743f1eab58,5,480056700,,,2009-05-21 11:55:59
893956,1,79f8133763b7e8455e324d9abc247e4b,4,468888204,,,2009-05-21 13:27:16
900700,44,3f62e35dd734c3367492478ce621e41c,2,385803373,,,2009-05-22 12:20:59
903741,49,0b40c47abed4ba32f867a93c5b374fe2,3,335277831,,,2009-05-23 13:29:16
904154,48,0b40c47abed4ba32f867a93c5b374fe2,2,1632520278,,,2009-05-23 13:51:07
910849,6,ae42c2f45c03bc9d02f8e08620cb9be5,7,1584868850,,,2009-05-25 18:24:17
917953,6,2374b3b6e3e4e3a666ee4aadd4483c13,9,359636414,,,2009-05-26 20:56:22
924748,29,3dea1b04393445b67277d25b1f1b8633,1,1526303606,,,2009-05-28 17:35:24
930761,48,1c7e05a1077365491a6ee20e2516840b,4,1724812231,,,2009-05-30 16:22:42
941759,21,e4658dce35921a5915623edd3e830f45,4,64733381,,,2009-06-02 14:45:07
943460,16,263154c70ea5b51f575704723f5969e6,2,970062022,,,2009-06-02 23:53:13
944136,48,263154c70ea5b51f575704723f5969e6,3,1204518044,,,2009-06-03 00:34:25
944337,6,263154c70ea5b51f575704723f5969e6,9,983047728,,,2009-06-03 00:44:49
944963,2,8d2e493fa85f0ddfbf15eb8c6df3da1a,4,2112606231,,,2009-06-03 08:43:42
945011,20,56599e324e4fb20b11492c748848ad62,4,251034421,,,2009-06-03 09:28:48
949685,44,b59c622def6ded6781bac076aa6125d0,2,1795583872,,,2009-06-05 18:22:10
952759,29,5af732993938e6b22f85e6e4a0791841,5,1178280201,,,2009-06-06 22:09:39
956671,48,e6600003c87e6dc8f4f777e6383ff164,2,47749732,,,2009-06-07 17:54:07
957679,20,75ff7c494882a41ca9084ae49b830947,1,328942439,,,2009-06-08 02:05:38
959596,24,aebbba02139519b144aa32f95f6c5e55,6,976975550,,,2009-06-08 16:14:56
959967,10,2ac617148a46e31e2f86c6682792ef40,9,143713635,,,2009-06-08 17:37:02
961110,10,f739a01a0a7d5f27d84d516c7e76721f,10,138207142,,,2009-06-09 19:14:41
963521,44,8f259383d83146a2746b2ce3439a803e,5,1837148056,,,2009-06-10 23:14:36
965872,16,dbe86090b0a6760409941f4b28b93cbe,3,1642113627,,,2009-06-12 10:33:04
969598,32,b7fbad447db0e1fe58697b95f0f882c5,2,1526897141,,,2009-06-14 08:54:00
970789,44,b7fbad447db0e1fe58697b95f0f882c5,2,675618517,,,2009-06-14 14:56:10
977505,30,36af044f011d7ae59b0fd9b517a0a1c8,6,1020243341,,,2009-06-17 00:13:50
979964,27,9e6460e417173c72dd8d9de9fcb58366,2,979669581,,,2009-06-18 10:17:45
980607,49,2faf266b5ddb36f49deeb8bcf6999da0,5,1352140745,,,2009-06-18 15:06:52
983045,38,0ade803804b4b37799a2fc791a8acfe0,1,916950254,,,2009-06-19 20:12:47
986012,20,d11c315f6d3e06c48224b2d492d339e6,4,1727633641,,,2009-06-20 22:39:31
987469,30,3ce063a51dfc5c2ab60eed71460270ff,1,1656544622,,,2009-06-21 21:51:07
989463,10,7e043be8c688fc04a4f4944e8797efaf,4,1056891406,,,2009-06-22 18:33:35
991829,30,b4b94332c8fc0b7447ffda51a1ca5a2d,2,1987106074,,,2009-06-23 08:21:58
991856,29,b4b94332c8fc0b7447ffda51a1ca5a2d,2,1445878220,,,2009-06-23 08:23:10
992998,10,b4b94332c8fc0b7447ffda51a1ca5a2d,10,2127494953,,,2009-06-23 11:16:26
997446,29,80637c238bb72c8e14512f52ba8c719c,3,529576246,,,2009-06-23 20:29:10
998861,38,20e6b65c2017cf821d0d4803f6b0ac6f,2,642770317,,,2009-06-24 04:38:37
1001232,20,e32351e79895bdc3d50145eb8ee94ca0,4,948831920,,,2009-06-25 13:17:41
1001369,19,444cd13290f4f9fb826dde6541e7bce0,3,254542081,,,2009-06-25 15:50:38
1009875,32,1036350e27b866ba2f3ad204c23d4ac4,2,1118877340,,,2009-06-29 16:34:31
1027033,30,30b99ca0b1ae70c33097642d617f1521,3,700166500,,,2009-07-09 12:37:02
1043860,13,c5f7eec96efed5ff9118a11463618c9e,6,1588440625,,,2009-07-21 09:55:08
1057262,39,7514b735f48defaa118736325eadde37,6,458267016,,,2009-07-27 17:12:26
1059649,26,c85d775e4c7ac9468d3675ff98721acb,3,1852447874,,,2009-07-28 16:23:51
1073222,28,0a087a336e81899bfdadcf95e3ace40d,4,933005310,,,2009-08-06 13:12:53
1073508,12,381d25a96155e5e37e86558e525d2a9a,5,259689828,,,2009-08-06 15:15:34
1091872,32,143da8642fb89fd1589affc01f2358dd,1,1775436746,,,2009-08-18 03:19:00
1095458,43,6905631f4633e17e62c41d52bce475d1,1,1727407422,,,2009-08-19 15:47:12
1106551,3,ff2c80bd2ba5bff863012635ec3edb5a,1,1669402224,,,2009-08-22 21:53:00
1107228,39,6f816b1719386f90f162a823248ecafc,3,13114500,,,2009-08-23 11:34:34
1109438,10,05394412d1d633f0833a1aed280da7eb,5,708710930,,,2009-08-23 21:19:43
1112757,23,c1dabf469be3f520fbe7fd1b6a179737,4,1764842082,,,2009-08-24 21:27:04
1116565,40,12c0f3783499c2d53fa1224fa28a5c55,2,1572496479,,,2009-08-26 09:56:13
1117147,43,6359d42661dde6ca40beb320e8fb535d,2,1982064174,,,2009-08-26 14:01:59
1117709,37,ea4ca88bb36b540fe3a2fc9088309e98,2,1124832157,,,2009-08-26 18:39:49
1123786,14,87086cd5b9e7806982d3e9ecf36906bd,5,183441133,,,2009-08-29 09:33:58
1125574,31,393905d46d39a6199b1c1586397e887b,2,1941193383,,,2009-08-30 16:57:38
1134479,8,7c8f63b34347fd8ecdbfb0bf8e314156,6,1619090560,,,2009-09-04 12:06:28
1137568,26,d1e29bd059a30070f4f4c05646614fe6,3,57716408,,,2009-09-07 16:03:06
1138342,46,2b789de235e18e32177416a76109c254,5,474951682,,,2009-09-08 02:16:00
1139456,42,bb0c35c39a7cdcc4bdc28aa3d74cf068,2,1902206240,,,2009-09-08 21:26:33
1141032,28,2bbd87d39c20c6805d592f16d906f779,5,1613407040,,,2009-09-10 12:28:45
1147568,26,dc9c9fc38545c8e4f94c57f4076daa48,5,1406309286,,,2009-09-15 12:35:31
1155564,1,612a6bae79f7fdc84001841df03cf104,4,1136129312,,,2009-09-22 21:21:13
1162521,22,1b7da136e650f8fa7ec8d7456c72fba4,2,1154292419,,,2009-09-29 13:37:49
1162668,36,1b7da136e650f8fa7ec8d7456c72fba4,1,1746799514,,,2009-09-29 14:35:13
1164165,8,a083b74016942754ca17501edc40c48a,7,551388980,,,2009-10-02 13:24:49
1168619,7,548aaa9d0369c0385137277e02a09e69,8,1248708174,,,2009-10-08 06:17:24
1169331,15,7f16482c827b560424a2149e028d0c01,5,1763764959,,,2009-10-08 10:55:03
1169353,29,7f16482c827b560424a2149e028d0c01,5,155444327,,,2009-10-08 10:56:11
1170817,41,89c0f129f4f17f36fd700c2aaa008724,1,1941536215,,,2009-10-09 08:52:06
1171494,2,fcf28c3d96eb9490b5c26e0edf77fb27,3,1940068012,,,2009-10-09 14:26:14
1177145,49,4b82b1196536cf1703cbadcfe103626d,2,1872654804,,,2009-10-13 21:15:55
1184600,30,bb09ceff518170e09c1091b2e055d9c0,4,29212599,,,2009-10-16 14:46:53
1187127,42,a566344863320628e845ec7bb33a4659,4,950065367,,,2009-10-17 22:09:59
1190918,35,e40b669e533738325163b51e36c55fbf,1,855697234,,,2009-10-19 08:46:15
1191263,35,ecad41a00cd8825ec674787ea642912e,1,1397061446,,,2009-10-19 11:45:45
1191718,3,6d908890d193f80bd171cc01cf74d58a,4,1777368798,,,2009-10-19 12:38:46
1198428,33,1d9d25ae7f4b957ed8d8815b08f076f8,3,348680725,,,2009-10-22 17:00:54
1206928,35,4fbe6fbbb21d3315320fc5fdd71b9724,2,1550448844,,,2009-10-26 20:21:03
1207777,35,8cf26169cc32c05aa191b29fdf0d6318,2,1620613059,,,2009-10-27 19:42:48
1210061,46,bb7dcb409522010cc3775ff73238dee3,5,1198223875,,,2009-10-29 12:46:36
1212170,3,80566907d18c78acb8552f0256cd7d38,6,1576170766,,,2009-10-30 22:31:56
1216676,15,274f74a34f962f02234c88bd47c2cffc,3,558861035,,,2009-11-03 14:14:35
1223871,50,5328d4ee2b6d193835f82e832c738489,1,1575685205,,,2009-11-06 19:05:06
1250046,34,11821a090210d6841f09f07f65433741,2,1482881070,,,2009-12-15 10:10:49
1250452,13,3fb0ddc8c6ab23a051ce037e747904ce,4,321823246,,,2009-12-16 13:42:24
1260277,21,be41d0699cd02dbd0ab2aeffca65605e,4,688300892,,,2010-01-14 17:54:59
1262067,22,be41d0699cd02dbd0ab2aeffca65605e,3,245774847,,,2010-01-15 12:31:35
1266147,17,cbe01f44c931389b479cd7d19e3b6667,2,1100769913,,,2010-01-22 17:43:31
1267421,7,46a434a030bc3a72653e424872fcd069,5,430034636,,,2010-01-23 23:41:31
1272919,17,4f470b32c5bac909413331da9272e047,2,1553040474,,,2010-02-01 21:07:28
1273570,17,218ad49fa2385befc078384224eaad66,3,470480066,,,2010-02-03 14:42:33
1279476,30,95480757d0451b64ebe0782ac8181dc5,2,534773577,,,2010-02-16 11:39:19
1280809,17,514ff698bce26d3ec0d8873d857ae61b,2,1709116687,,,2010-02-16 18:36:58
1290863,25,ff8f3791def024f9ea1d2201f2cde038,3,1688204431,,,2010-03-04 12:47:21
1293324,12,21d4a6517abdd16a29492a6116b937dc,3,1207861867,,,2010-03-08 21:39:19
1295627,27,e5b2de343ff6976d9c0e3282051ac643,1,688396911,,,2010-03-12 21:40:24
1296044,9,e689e384b465beeca35e11c29804e527,6,1826473411,,,2010-03-13 16:28:36
1303490,24,2917e942d231107b60b82392f419534d,3,583659603,,,2010-04-03 21:51:57
1304368,23,9345d76f1e1192dbeac2537021185108,4,1055187343,,,2010-04-05 11:23:59
1306912,27,c80d48d228ee16d0abab9b51cc7f39e8,1,263481541,,,2010-04-13 15:20:51
1311362,1,733f5549d7ec222b92ff49fa6873b413,5,2076620717,,,2010-04-27 15:33:08
1313596,8,fd43ec76e5e5235e82efbb33699cc0d9,9,823419626,,,2010-05-09 20:57:34
1314476,33,501e6ad5253d810b5ba000b4ab4986a9,4,886207395,,,2010-05-12 15:31:32
1317774,43,7f3d2692d31b7ab2b4589e06157cb279,5,1718131725,,,2010-05-17 00:03:27
1319076,29,5efc2bedc1e232d94aedf40b0e5af7db,4,26092608,,,2010-05-18 21:48:51
1321704,28,3e000f5658a73072f9140fd2f3351896,4,1672225734,,,2010-05-21 19:25:12
1324823,4,7799fb08a2590110947e5cb6e78d2dbd,3,1683456004,,,2010-05-31 16:44:29
1352154,5,99256ec82735680c4539f0a528e67e87,3,902077932,,,2010-10-22 16:37:24
1352961,49,7e3d1aefc6553545adc2d79e48d045b9,6,560976852,,,2010-10-26 12:50:07
1354097,49,3d74f1a3f3627a85bef3ba4126f12205,7,888027500,,,2010-10-29 11:11:27
1374050,24,e3248545aa9e2aeb88b42ba62a4b2c17,5,247955615,,,2010-12-26 18:55:41
1375239,30,9eb6cf41fc0599d8270e09f1582ba183,6,110187564,,,2010-12-29 00:21:30
1375779,26,9eb6cf41fc0599d8270e09f1582ba183,5,1740515349,,,2010-12-29 00:53:40
1388623,22,3d533d5af34823b80b424336b17ff2ee,3,1161846896,,,2011-03-02 11:20:06
1389280,23,01f567ffa629f437c3d7e784bf50b9c9,4,419776882,,,2011-03-03 18:43:16
1390533,40,72d98184c5fc857e0757899710ba1950,3,1446455095,,,2011-03-05 19:04:55
1390947,23,0b1d1ec8b533d261942db997ba4743bb,3,1334316847,,,2011-03-08 19:47:05
1395000,17,a5dc7c0c7e41f5f8fd97c3a441966138,3,2112580115,,,2011-03-24 13:09:48
1404906,44,368123378c6e19d664bd6f2ddfb7cef9,4,687006515,,,2011-04-30 05:03:59
1408888,34,90e6d9f99ede0262b7f98a6c5a2981d9,2,1090198811,,,2011-06-02 13:45:05
1421558,30,712ed615ffb1b82e112a53d19cc2b9d0,3,1363342201,,,2011-08-02 12:29:09
1422323,10,c4038badc93e9acc5b2809fbeb5612ec,3,1659933480,,,2011-08-03 05:50:08
1428858,28,712ed615ffb1b82e112a53d19cc2b9d0,4,418851009,,,2011-08-08 12:45:50
1434987,30,190312680ffc788e8694914d5a916a25,3,1088622146,,,2011-08-15 19:08:21
1436246,35,712ed615ffb1b82e112a53d19cc2b9d0,3,1369167537,,,2011-08-17 14:26:40
1442200,39,f47dbbb7f3ab72b6b496ee38864c3c58,2,395856064,,,2011-09-13 07:46:18
1445152,30,3357347b4b1f904645b532a7501d61ba,3,967889218,,,2011-09-18 15:14:21
1454814,42,15210f57b40f40a2bdfbd3a84150f982,2,1257009900,,,2011-09-27 14:10:32
1456750,11,9bb06106ed4233d85bdbfda4d7118f58,4,2085246497,,,2011-10-02 18:54:33
1465239,10,acc117ed8522742c0129518891e2ef3a,10,250524360,,,2011-10-17 13:27:18
1467533,5,2c3bc4191ad55ef635b9c98ef8b09b85,4,1870393098,,,2011-10-24 12:15:03
1472655,28,7acd45a532dbada61f21a0c099b4ddf4,6,1306422076,,,2011-11-16 17:53:37
1474038,28,0c8fa40455f21a0bc7eff0550b043ace,3,1538683631,,,2011-11-17 21:41:30
1477011,35,46fc36ea8e49ac56b3652297192d1d71,1,2016827537,,,2011-12-01 12:14:21
1480271,39,527d25896f6d562c64e321044c554881,4,1326258458,,,2011-12-13 20:46:53
1485535,37,f41e61a80684cfe80c2df18399700a55,2,724719861,,,2012-01-07 22:40:37
1487324,31,a82340b4ff91b7ed8c22e5bd66fc42a1,3,319325386,,,2012-01-15 19:08:36
1487421,39,1eb9d7555d04af174652442df819a660,4,30163939,,,2012-01-17 11:27:35
1489415,18,a9d3c298207955afe39fa0a9513c8c0a,3,2098666876,,,2012-01-24 23:26:36
1490122,21,1140330f14c6561e909ae20b1c7c4274,4,380183147,,,2012-01-28 14:16:29
1490339,1,8483fc78fab948b6825edc0fbde305fc,6,213863515,,,2012-01-28 20:28:06
1499034,26,7fd9a5203db6258c4d13095eb2941398,5,542138075,,,2012-02-27 20:03:51
1504292,30,a60502b4471fac26be8858ab47d65dc6,3,2101948840,,,2012-03-30 16:34:03
1513367,9,e52c690f1732ffa73611e6ea07dee812,8,1564166597,,,2012-06-11 12:42:49
1515538,22,d61256e845f8e23e4e97ba4b0e550bac,4,1970157586,,,2012-06-20 12:54:54
1517074,2,8b43652d8d3032b0724d45f100d78d58,5,1152537877,,,2012-06-27 13:07:20
1519528,2,9836152c66c393e02ea752bfad126745,4,742647719,,,2012-07-06 20:29:59
1533699,7,c18ef600c7a28f61f3240533fcb7f5db,3,1085478874,,,2012-09-13 03:35:22
1534179,15,4246ba5dc3268b965ada0a3b58f1f3db,5,1567513128,,,2012-09-17 11:22:46
1544102,25,de5af49824fdc25b1982b5a43662ac2f,2,195333157,,,2013-02-14 17:13:57
1544378,7,a41f3481f94bc1c84d467397dc82f113,2,1601531451,,,2013-02-24 23:41:52
1554513,25,3dfecb90e14bb1da8add0a792e177773,3,518397383,,,2013-12-03 11:40:26
1556364,28,fe1d03bf2bc4090e69cb0f548c494936,3,1575547789,,,2014-02-10 22:25:51
1573068,22,fc407e9648a4e10a098320b8dc9ba3b8,2,409784110,109.19.48.15,"Mozilla/5.0 (Windows NT 10.0; WOW64) AppleWebKit/537.36 (KHTML, like Gecko) Chrome/46.0.2490.86 Safari/537.36",2015-11-30 16:13:03
1582595,42,4ffd9de1a3ccb0d983b2a895d2e20064,3,1233411670,217.67.187.26,"Mozilla/5.0 (Windows NT 6.1; WOW64) AppleWebKit/537.36 (KHTML, like Gecko) Chrome/47.0.2526.106 Safari/537.36",2015-12-23 10:54:03
1587689,20,436e2fedfd606bfbb7eddf651fc7ae4d,5,1711732634,125.248.165.125,"Mozilla/5.0 (Windows NT 6.1) AppleWebKit/537.36 (KHTML, like Gecko) Chrome/48.0.2564.109 Safari/537.36",2016-02-11 07:13:41
1591374,11,2ec97077d179ac4523bba6af29f6e6bc,5,1548581825,89.217.101.6,Mozilla/5.0 (Windows NT 10.0; WOW64; rv:45.0) Gecko/20100101 Firefox/45.0,2016-03-12 13:09:32
1593039,40,2fc6dad73e1a5b8b5573c3876be53870,7,1021995794,137.205.238.62,"Mozilla/5.0 (Macintosh; Intel Mac OS X 10_10_5) AppleWebKit/537.36 (KHTML, like Gecko) Chrome/49.0.2623.112 Safari/537.36",2016-05-09 15:55:05
1594752,41,29b23c590802b3e4336e773c7f559a2d,1,2097154667,137.205.236.138,"Mozilla/5.0 (Windows NT 6.1; WOW64) AppleWebKit/537.36 (KHTML, like Gecko) Chrome/51.0.2704.103 Safari/537.36",2016-08-01 15:07:01
1599435,12,b9596894f76a5ac717a375536511f81c,10,252046913,92.154.40.79,"Mozilla/5.0 (Macintosh; Intel Mac OS X 10_11_0) AppleWebKit/537.36 (KHTML, like Gecko) Chrome/56.0.2924.87 Safari/537.36",2017-03-16 13:02:33
1601335,32,1489481c5ab8a32ca51d600ca89604ce,2,1311388991,79.173.138.58,"Mozilla/5.0 (Macintosh; Intel Mac OS X 10_12_3) AppleWebKit/537.36 (KHTML, like Gecko) Chrome/59.0.3071.115 Safari/537.36",2017-07-05 10:05:36
1602659,24,34b8ac55ce35cd1ae05aff94b8d4b380,2,1337175627,51.9.146.115,"Mozilla/5.0 (Macintosh; Intel Mac OS X 10_12_2) AppleWebKit/602.3.12 (KHTML, like Gecko) Version/10.0.2 Safari/602.3.12",2017-07-19 08:26:08
1608301,29,5c81a3d6a0c20a443d4c4de7f4b01459,3,2011854086,84.160.131.129,Mozilla/5.0 (Windows NT 6.1; WOW64; rv:54.0) Gecko/20100101 Firefox/54.0,2017-07-19 21:20:52
1611418,42,d3d77db1264919c0126590bffb7d9c21,4,1775307390,2001:4ca0:2002:0,"Mozilla/5.0 (Macintosh; Intel Mac OS X 10_10_5) AppleWebKit/603.3.8 (KHTML, like Gecko) Version/10.1.2 Safari/603.3.8",2017-07-20 07:36:24
1613264,41,079aa812c220f52e1c5c0fb990153a8a,2,515974760,2601:643:8401:39,"Mozilla/5.0 (Macintosh; Intel Mac OS X 10_12_5) AppleWebKit/603.2.4 (KHTML, like Gecko) Version/10.1.1 Safari/603.2.4",2017-07-20 08:58:59
1613272,33,73be66ca6b9a70f79819929107f480a8,3,953446519,2602:306:8b23:21,"Mozilla/5.0 (iPad; CPU OS 9_2_1 like Mac OS X) AppleWebKit/601.1.46 (KHTML, like Gecko) Version/9.0 Mobile/13D15 Safari/601.1",2017-07-20 08:59:22
1626607,10,ade3d56bf2f6063b732cc78a89bb53dc,7,456279404,92.227.158.70,Mozilla/5.0 (Windows NT 6.1; WOW64; rv:54.0) Gecko/20100101 Firefox/54.0,2017-07-26 13:27:58
1626943,46,bc88a08a6962fbca888d3eebd7292ac1,2,574518792,92.227.158.70,Mozilla/5.0 (Windows NT 6.1; WOW64; rv:54.0) Gecko/20100101 Firefox/54.0,2017-07-26 14:15:53
1628570,16,06b550ba757b91eb698b1eb27d8310dd,3,603399059,151.237.232.133,"Mozilla/5.0 (Windows NT 10.0; Win64; x64) AppleWebKit/537.36 (KHTML, like Gecko) Chrome/59.0.3071.115 Safari/537.36",2017-07-27 09:24:53
1646438,1,2f41bda11d38590ab0f325101077b2e7,7,565203340,2a02:c7d:ccb2:7b,"Mozilla/5.0 (Windows NT 10.0; Win64; x64) AppleWebKit/537.36 (KHTML, like Gecko) Chrome/59.0.3071.115 Safari/537.36",2017-08-08 08:27:57
1651052,5,2c84836e9a0bf1a5ca440c9a894da939,8,1475959877,156.67.241.52,Mozilla/5.0 (Windows NT 10.0; WOW64; Trident/7.0; Touch; rv:11.0) like Gecko,2017-08-08 10:28:39
1654532,1,8d99a44e278d050ecb47c8dfc2e068ac,8,2080107919,2a00:23c5:b707:7,"Mozilla/5.0 (Windows NT 10.0; Win64; x64) AppleWebKit/537.36 (KHTML, like Gecko) Chrome/59.0.3071.115 Safari/537.36",2017-08-08 11:41:50
1659453,42,93f700ae154b5becf64afc25d94576a6,2,1503803323,89.187.97.90,Mozilla/5.0 (X11; Linux x86_64; rv:53.0) Gecko/20100101 Firefox/53.0,2017-08-08 14:07:24
1671280,2,366708d225ad55857305f174a75d13d3,4,1351914058,2a00:23c3:83f7:7,"Mozilla/5.0 (Windows NT 6.1; WOW64) AppleWebKit/537.36 (KHTML, like Gecko) Chrome/60.0.3112.90 Safari/537.36",2017-08-08 22:48:08
1683042,12,9c0d0bc18f285201ad59ba3e5069ac2d,6,1432603440,77.190.149.26,Mozilla/5.0 (Windows NT 6.1; WOW64; rv:54.0) Gecko/20100101 Firefox/54.0,2017-08-11 12:10:35
1689160,30,a9255f4f7586f6d94a0c351fab87ec07,8,1277408592,76.11.44.203,"Mozilla/5.0 (Linux; Android 5.1.1; SM-P600 Build/LMY47X) AppleWebKit/537.36 (KHTML, like Gecko) Chrome/59.0.3071.125 Safari/537.36",2017-08-20 18:06:17
1690667,6,e53e2e26bbb84a6c8bffb0b4a91f05d4,8,14590590,46.232.150.27,"Mozilla/5.0 (iPhone; CPU iPhone OS 10_3_3 like Mac OS X) AppleWebKit/603.3.8 (KHTML, like Gecko) Version/10.0 Mobile/14G60 Safari/602.1",2017-08-22 14:16:03
1691671,44,d351f931ccb4344016974ae117d26367,2,424515398,89.15.206.255,Mozilla/5.0 (Windows NT 6.1; WOW64; rv:54.0) Gecko/20100101 Firefox/54.0,2017-08-24 14:32:51
1694222,30,d09e5186e602e6d15337b020b8d9a3eb,4,812004538,113.193.48.225,Mozilla/5.0 (Windows NT 6.1; rv:54.0) Gecko/20100101 Firefox/54.0,2017-08-31 08:42:01
1696134,38,0a5f83ec14be1ccfc65b75f7d3f7cd03,1,1075333547,2.24.207.162,"Mozilla/5.0 (Macintosh; Intel Mac OS X 10_12_6) AppleWebKit/603.3.8 (KHTML, like Gecko) Version/10.1.2 Safari/603.3.8",2017-09-05 19:39:36
1717229,10,6a8b557f3d975ad4d52070c0d2fb7fb7,9,744430201,18.89.0.89,"Mozilla/5.0 (Macintosh; Intel Mac OS X 10_10_5) AppleWebKit/537.36 (KHTML, like Gecko) Chrome/63.0.3239.132 Safari/537.36",2018-01-16 15:34:40
1725962,27,11203af7a9c4b2fdf25c9b871955a08f,1,1443216726,89.15.123.52,Mozilla/5.0 (Windows NT 6.1; Win64; x64; rv:61.0) Gecko/20100101 Firefox/61.0,2018-08-11 08:37:58
1730056,39,0282952380efc60316b6c6f026a50d12,2,463128841,192.38.139.191,"Mozilla/5.0 (Macintosh; Intel Mac OS X 10_11_3) AppleWebKit/537.36 (KHTML, like Gecko) Chrome/70.0.3538.110 Safari/537.36",2018-12-06 12:16:35
1733323,29,cf992151582688f4c4e395bea9e6f749,1,1432861948,86.166.20.190,"Mozilla/5.0 (Linux; Android 7.0; SM-G920F) AppleWebKit/537.36 (KHTML, like Gecko) Chrome/71.0.3578.99 Mobile Safari/537.36",2019-01-15 14:40:45
1733619,6,8081141b07432d10b3572451db23c626,10,1700528229,86.176.145.240,"Mozilla/5.0 (Macintosh; Intel Mac OS X 10_12_6) AppleWebKit/537.36 (KHTML, like Gecko) Chrome/71.0.3578.98 Safari/537.36",2019-01-15 14:56:06
1734999,37,e0f0b3098f235e77deb05231186a9307,8,1645235630,138.37.96.95,"Mozilla/5.0 (Windows NT 10.0; Win64; x64) AppleWebKit/537.36 (KHTML, like Gecko) Chrome/71.0.3578.98 Safari/537.36",2019-01-15 15:57:14
1735759,17,7955dabbc754c73cfd4f6e809edaebeb,5,1602833184,91.125.89.217,Mozilla/5.0 (Windows NT 6.1; Win64; x64; rv:64.0) Gecko/20100101 Firefox/64.0,2019-01-15 16:21:03
1738125,1,545f37fd2895470d029a8b62a4b14621,5,237098752,86.122.172.167,"Mozilla/5.0 (iPhone; CPU iPhone OS 12_1_2 like Mac OS X) AppleWebKit/605.1.15 (KHTML, like Gecko) Version/12.0 Mobile/15E148 Safari/604.1",2019-01-15 17:56:12
1741683,4,09eeb4686714f485c7b92d11dc26ad37,5,58613212,94.3.108.61,"Mozilla/5.0 (Windows NT 10.0; Win64; x64) AppleWebKit/537.36 (KHTML, like Gecko) Chrome/64.0.3282.140 Safari/537.36 Edge/17.17134",2019-01-16 20:14:07
1766605,19,12f3e6c1bdaa597b5587924ea062f9aa,3,1868910711,95.114.41.28,Mozilla/5.0 (Windows NT 10.0; Win64; x64; rv:68.0) Gecko/20100101 Firefox/68.0,2019-07-19 14:40:46
1767175,42,43e3195b21eacca39908e1383b1eced4,2,1481486278,77.9.93.65,Mozilla/5.0 (Windows NT 10.0; Win64; x64; rv:68.0) Gecko/20100101 Firefox/68.0,2019-07-28 19:51:56
1771136,47,c7779834e22427caae0bfb6d4f00ece8,2,772475244,137.205.165.56,Mozilla/5.0 (Windows NT 10.0; Win64; x64; rv:69.0) Gecko/20100101 Firefox/69.0,2019-08-22 13:33:02
1772687,15,d4126e319df98237ef8d553f9b33123c,3,14121428,95.114.126.61,Mozilla/5.0 (Windows NT 10.0; Win64; x64; rv:68.0) Gecko/20100101 Firefox/68.0,2019-08-27 15:01:01
1774550,6,49b871eb675c3d6250714bae6e9b2805,9,745787013,128.40.181.46,Mozilla/5.0 (Windows NT 6.1; Win64; x64; rv:69.0) Gecko/20100101 Firefox/69.0,2019-09-10 14:07:18
1775384,34,d847ceb58afeb4946f2033d09b901f1f,1,1922412245,95.118.10.103,Mozilla/5.0 (Windows NT 10.0; Win64; x64; rv:69.0) Gecko/20100101 Firefox/69.0,2019-09-21 17:42:15
1785843,21,b1a3826cc98e829d243d84e4fd241439,7,264715898,109.170.145.18,"Mozilla/5.0 (Macintosh; Intel Mac OS X 10_14_5) AppleWebKit/537.36 (KHTML, like Gecko) Chrome/79.0.3945.130 Safari/537.36",2020-02-07 16:48:21
1788933,38,c88639334dbc910790a285fee547df9a,1,1582253974,77.2.50.74,Mozilla/5.0 (Windows NT 10.0; Win64; x64; rv:73.0) Gecko/20100101 Firefox/73.0,2020-03-10 14:59:16
1799838,26,ba0ff66261977c7eb4cc25ae7e317516,6,1783613317,95.114.118.152,Mozilla/5.0 (Windows NT 10.0; Win64; x64; rv:80.0) Gecko/20100101 Firefox/80.0,2020-09-03 16:19:05
1807061,12,f995c0c2367e076db54f26c7250524b7,8,1135206492,86.29.216.56,"Mozilla/5.0 (Windows NT 10.0; Win64; x64) AppleWebKit/537.36 (KHTML, like Gecko) Chrome/88.0.4324.190 Safari/537.36",2021-03-14 16:53:24
1807897,42,02df804b316d10f33fb7d56bc32da622,4,536414387,82.8.32.26,"Mozilla/5.0 (Macintosh; Intel Mac OS X 11_2_3) AppleWebKit/537.36 (KHTML, like Gecko) Chrome/89.0.4389.90 Safari/537.36",2021-03-31 10:08:53
1809178,42,ad4fd10ffe1fe145c231166c802a1a30,10,1395632465,155.245.155.210,"Mozilla/5.0 (Windows NT 10.0; Win64; x64) AppleWebKit/537.36 (KHTML, like Gecko) Chrome/90.0.4430.93 Safari/537.36",2021-05-06 09:32:29
1809300,39,7be2129d304166e059682e6aabddcf96,3,957793100,2a02:c7f:f200:22,"Mozilla/5.0 (Macintosh; Intel Mac OS X 10_14_6) AppleWebKit/537.36 (KHTML, like Gecko) Chrome/90.0.4430.85 Safari/537.36",2021-05-11 13:11:37
1812688,37,76380ceea20735aaab32cde9c72c941a,3,904331180,95.115.80.78,Mozilla/5.0 (Windows NT 10.0; Win64; x64; rv:89.0) Gecko/20100101 Firefox/89.0,2021-07-10 16:46:43
1820937,18,1c62a1daa990cba41657e14e91def4cc,6,2103773212,2a02:a311:a344:c,Mozilla/5.0 (Windows NT 6.1; Win64; x64; rv:95.0) Gecko/20100101 Firefox/95.0,2022-01-09 11:55:53
